{
  "driverDto": {
    "customerId": 0,
    "displayName": "John Smith",
    "profilePicture": "",
    "ratings": []
  },
  "lapTime": "00:02:30.7950000",
  "brakeComparable": [
    {
      "startPct": 0.1639806215763092,
      "endPct": 0.19099481403827667,
      "input": [
        0.011,
        0.015,
        0.115,
        0.115,
        0.115,
        0.115,
        0.115,
        0.115,
        0.115,
        0.115,
        0.115,
        0.115,
        0.315,
        0.415,
        0.455,
        0.515,
        0.555,
        0.555,
        0.555,
        0.555,
        0.555,
        0.555,
        0.655,
        0.555,
        0.555,
        0.595,
        0.612,
        0.717,
        0.652,
        0.74,
        0.696,
        0.694,
        0.715,
        0.684,
        0.7,
        0.722,
        0.7,
        0.739,
        0.761,
        0.742,
        0.765,
        0.781,
        0.777,
        0.779,
        0.737,
        0.582,
        0.695,
        0.414,
        0.392,
        0.366,
        0.392,
        0.296,
        0.219,
        0.279,
        0.247,
        0.157,
        0.113,
        0.146,
        0.085,
        0.084,
        0.077,
        0.082,
        0.054,
        0.048,
        0.048,
        0.053,
        0.051,
        0.05,
        0.053,
        0.055,
        0.056,
        0.055,
        0.048,
        0.036,
        0.031,
        0.043,
        0.014,
        0.003,
        0
      ]
    }
  ],
  "throttleComparable": [
    {
      "startPct": 0.218496475815773,
      "endPct": 0.2614052975177765,
      "input": [
        0.918,
        0.688,
        0.688,
        0.697,
        0.698,
        0.697,
        0.695,
        0.697,
        0.699,
        0.712,
        0.702,
        0.707,
        0.737,
        0.746,
        0.737,
        0.746,
        0.736,
        0.73,
        0.744,
        0.717,
        0.715,
        0.717,
        0.617,
        0.717,
        0.717,
        0.717,
        0.517,
        0.717,
        0.717,
        0.717,
        0.417,
        0.417,
        0.417,
        0.417,
        0.417,
        0.417,
        0.417,
        0.417,
        0.417,
        0.417,
        0.417,
        0.417,
        0.417,
        0.417,
        0.417,
        0.417,
        0.417,
        0.417,
        0.417,
        0.417,
        0.417,
        0.417,
        0.417,
        0.417,
        0.417,
        0.417,
        0.417,
        0.417,
        0.517,
        0.517,
        0.517,
        0.617,
        0.617,
        0.717,
        0.721,
        0.736,
        0.739,
        0.728,
        0.768,
        0.825,
        0.768,
        0.825,
        0.878,
        0.901,
        0.858,
        0.93,
        1
      ]
    }
  ],
  "speedComparable": [
    {
      "startPct": 0.1651906967163086,
      "endPct": 0.3265482485294342,
      "input": [
        0,
        55.55173873901367,
        50.7288818359375,
        50.7288818359375,
        45.95134735107422,
        41.95009231567383,
        39.32468032836914,
        39.32468032836914,
        37.39727020263672,
        35.9130859375,
        34.794132232666016,
        34.794132232666016,
        33.80252456665039,
        33.80252456665039,
        32.88295364379883,
        32.88295364379883,
        31.910451889038086,
        31.845256805419922,
        32.657440185546875,
        32.657440185546875,
        33.69170379638672,
        34.83761978149414,
        35.66865158081055,
        35.66865158081055,
        36.92197036743164,
        36.92197036743164,
        37.717681884765625,
        37.717681884765625,
        38.317195892333984,
        38.85762023925781,
        38.85762023925781,
        39.49486541748047,
        40.25942611694336,
        40.96523666381836,
        40.96523666381836,
        41.54465866088867,
        42.0685920715332,
        42.0685920715332,
        42.596702575683594,
        42.596702575683594,
        43.24420928955078,
        44.0243034362793,
        44.0243034362793,
        44.655174255371094,
        45.36385726928711,
        45.96035385131836,
        45.96035385131836,
        46.40060043334961,
        46.71977615356445,
        46.71977615356445,
        46.89535903930664,
        46.89535903930664,
        46.299373626708984,
        45.52571487426758,
        45.52571487426758,
        44.69131088256836,
        43.85188293457031,
        43.17490005493164,
        43.17490005493164,
        42.47779846191406,
        42.16957473754883,
        42.1137580871582,
        42.1137580871582,
        42.24955749511719,
        42.71566390991211,
        43.35853576660156,
        43.35853576660156,
        44.062538146972656,
        44.778804779052734,
        45.4569091796875,
        45.4569091796875,
        46.1148567199707,
        46.1148567199707,
        46.774925231933594,
        46.774925231933594,
        47.44891357421875,
        48.15238571166992,
        48.83834457397461,
        48.83834457397461,
        49.53984069824219,
        50.256309509277344,
        50.98518371582031,
        50.98518371582031,
        51.70441818237305,
        51.70441818237305,
        52.42774200439453,
        52.42774200439453,
        53.14698791503906,
        53.84791564941406,
        54.522613525390625,
        54.522613525390625,
        55.173152923583984,
        55.79682922363281,
        56.39638900756836,
        56.39638900756836,
        56.97774887084961,
        56.97774887084961,
        57.535308837890625,
        57.535308837890625,
        58.08498764038086,
        58.432518005371094
      ]
    },
    {
      "startPct": 0.3297535479068756,
      "endPct": 0.24473528563976288,